,split0_test_score,split1_test_score,split2_test_score,split3_test_score,split4_test_score,mean_test_score,std_test_score,rank_test_score,mean_fit_time,std_fit_time,mean_score_time,std_score_time,param_colsample_bytree,param_learning_rate,param_max_bin,param_max_depth,param_min_child_samples,param_min_child_weight,param_n_estimators,param_num_leaves,param_reg_alpha,param_reg_lambda,param_scale_pos_weight,param_subsample,param_subsample_freq,params
0,-0.003058214364662706,-0.003143946265799794,-0.003097696357526547,-0.003038423567274989,-0.0029081663449259353,-0.0030492895459268182,7.926666036919486e-05,1,0.9048321723937989,0.04127003389317463,0.04843463897705078,0.0004456864200239147,0.6640415835413256,0.02853983686604182,468,15,34,4.1412449129921365,48,151,0.0016514036651705025,1.2071305164998514,3.8394062368138067,0.20780874563647306,2,"{'colsample_bytree': 0.6640415835413256, 'learning_rate': 0.02853983686604182, 'max_bin': 468, 'max_depth': 15, 'min_child_samples': 34, 'min_child_weight': 4.1412449129921365, 'n_estimators': 48, 'num_leaves': 151, 'reg_alpha': 0.0016514036651705025, 'reg_lambda': 1.2071305164998514, 'scale_pos_weight': 3.8394062368138067, 'subsample': 0.20780874563647306, 'subsample_freq': 2}"
1,-0.0030109618375165617,-0.003120359780174461,-0.003054991441799924,-0.0030067792471336003,-0.0028841849889105478,-0.003015455375584007,7.732381567271602e-05,1,0.7122935295104981,0.01745225745770878,0.04274740219116211,0.0007788442695359123,0.8349553422213138,0.05842928269761146,169,38,43,0.6232231771466303,31,77,0.03490731198346208,101.83733522374281,9.117719285361664,0.9434498998829862,4,"{'colsample_bytree': 0.8349553422213138, 'learning_rate': 0.05842928269761146, 'max_bin': 169, 'max_depth': 38, 'min_child_samples': 43, 'min_child_weight': 0.6232231771466303, 'n_estimators': 31, 'num_leaves': 77, 'reg_alpha': 0.03490731198346208, 'reg_lambda': 101.83733522374281, 'scale_pos_weight': 9.117719285361664, 'subsample': 0.9434498998829862, 'subsample_freq': 4}"
2,-0.0030183244560730922,-0.0031391914987486873,-0.0030675804251427312,-0.003026025404106231,-0.002900099482794579,-0.0030302440318196117,7.792365808432218e-05,1,0.6744200706481933,0.05456212773350006,0.04921789169311523,0.0033593889808283726,0.6779330049204607,0.06877728743793542,75,19,10,4.536708071528609,32,153,0.016957494783371215,135.58334942470017,20.210303141119244,0.4242522479577252,2,"{'colsample_bytree': 0.6779330049204607, 'learning_rate': 0.06877728743793542, 'max_bin': 75, 'max_depth': 19, 'min_child_samples': 10, 'min_child_weight': 4.536708071528609, 'n_estimators': 32, 'num_leaves': 153, 'reg_alpha': 0.016957494783371215, 'reg_lambda': 135.58334942470017, 'scale_pos_weight': 20.210303141119244, 'subsample': 0.4242522479577252, 'subsample_freq': 2}"
3,-0.004023661900027665,-0.00409381647527382,-0.00406289142107186,-0.00396602363701067,-0.003804380476388989,-0.003990155404751911,0.0001022278143759036,1,2.7953226566314697,0.06909522166191746,0.05517711639404297,0.0007334854120576277,0.8249583953429453,0.0022066991249460105,309,33,27,0.9546408466460131,80,176,0.44434003615332596,0.027365826047609298,0.40285443186583986,0.8119006573361338,3,"{'colsample_bytree': 0.8249583953429453, 'learning_rate': 0.0022066991249460105, 'max_bin': 309, 'max_depth': 33, 'min_child_samples': 27, 'min_child_weight': 0.9546408466460131, 'n_estimators': 80, 'num_leaves': 176, 'reg_alpha': 0.44434003615332596, 'reg_lambda': 0.027365826047609298, 'scale_pos_weight': 0.40285443186583986, 'subsample': 0.8119006573361338, 'subsample_freq': 3}"
4,-0.003649336654632384,-0.003719833897176077,-0.0036798626986816003,-0.003600287862212073,-0.0034506370189564014,-0.003619992171768191,9.325518559197012e-05,1,1.576840353012085,0.04507747456978401,0.04804506301879883,0.0014284083769602414,0.8198213766428692,0.007517239253342655,275,29,45,7.170339808483254,54,134,0.0025842551005350587,1.4291060144074295,2.5734455709700637,0.8500319141731616,2,"{'colsample_bytree': 0.8198213766428692, 'learning_rate': 0.007517239253342655, 'max_bin': 275, 'max_depth': 29, 'min_child_samples': 45, 'min_child_weight': 7.170339808483254, 'n_estimators': 54, 'num_leaves': 134, 'reg_alpha': 0.0025842551005350587, 'reg_lambda': 1.4291060144074295, 'scale_pos_weight': 2.5734455709700637, 'subsample': 0.8500319141731616, 'subsample_freq': 2}"
5,-0.002874076154201621,-0.002965797409550763,-0.0029330536145714095,-0.002911438173587591,-0.0027813361460112223,-0.0028931399452389634,6.335647031607502e-05,1,0.7412922382354736,0.024630423237957857,0.0475426197052002,0.001205652862481522,0.7936112071942274,0.07563790218678242,103,10,40,3.7258605218547807,57,112,0.13839989115540724,0.3253610272050476,5.850656156281449,0.5799103171699905,1,"{'colsample_bytree': 0.7936112071942274, 'learning_rate': 0.07563790218678242, 'max_bin': 103, 'max_depth': 10, 'min_child_samples': 40, 'min_child_weight': 3.7258605218547807, 'n_estimators': 57, 'num_leaves': 112, 'reg_alpha': 0.13839989115540724, 'reg_lambda': 0.3253610272050476, 'scale_pos_weight': 5.850656156281449, 'subsample': 0.5799103171699905, 'subsample_freq': 1}"
6,-0.0028924779776359753,-0.00299491425946934,-0.0029373064841269054,-0.0029079919857707645,-0.0027807067471435965,-0.0029026793012136365,7.030714780654138e-05,1,1.320887851715088,0.08027462283046927,0.051740169525146484,0.002048122433194928,0.7468317434009265,0.035540927532494104,196,35,30,5.946240888864876,72,90,0.0862045007655013,0.9925231015553735,220.37910982722957,0.6591748437024733,3,"{'colsample_bytree': 0.7468317434009265, 'learning_rate': 0.035540927532494104, 'max_bin': 196, 'max_depth': 35, 'min_child_samples': 30, 'min_child_weight': 5.946240888864876, 'n_estimators': 72, 'num_leaves': 90, 'reg_alpha': 0.0862045007655013, 'reg_lambda': 0.9925231015553735, 'scale_pos_weight': 220.37910982722957, 'subsample': 0.6591748437024733, 'subsample_freq': 3}"
7,-0.002892336249979426,-0.0030039781712978444,-0.0029629517868854077,-0.002926865166956241,-0.0027977873541595363,-0.0029167832914497155,7.013331676498703e-05,1,0.6778636455535889,0.025969306084047055,0.05331888198852539,0.009557974109972221,0.717361227076125,0.06918603669668356,261,34,17,0.5114404233151502,66,15,0.0034907469235255554,16.007011110145196,0.5328730324981248,0.5868429613549397,4,"{'colsample_bytree': 0.717361227076125, 'learning_rate': 0.06918603669668356, 'max_bin': 261, 'max_depth': 34, 'min_child_samples': 17, 'min_child_weight': 0.5114404233151502, 'n_estimators': 66, 'num_leaves': 15, 'reg_alpha': 0.0034907469235255554, 'reg_lambda': 16.007011110145196, 'scale_pos_weight': 0.5328730324981248, 'subsample': 0.5868429613549397, 'subsample_freq': 4}"
8,-0.003532398857718004,-0.0035964782151482375,-0.00355973932466328,-0.003485012651952607,-0.0033383101671649556,-0.0035023884011445945,8.973914177002451e-05,1,0.6487771987915039,0.025059163776255663,0.03963956832885742,0.0015205403054339857,0.8821911945239713,0.02519085390684862,439,18,20,2.1142217313132354,20,80,0.023851497678524364,0.0012834871886344473,40.3541112921536,0.47774154678615643,1,"{'colsample_bytree': 0.8821911945239713, 'learning_rate': 0.02519085390684862, 'max_bin': 439, 'max_depth': 18, 'min_child_samples': 20, 'min_child_weight': 2.1142217313132354, 'n_estimators': 20, 'num_leaves': 80, 'reg_alpha': 0.023851497678524364, 'reg_lambda': 0.0012834871886344473, 'scale_pos_weight': 40.3541112921536, 'subsample': 0.47774154678615643, 'subsample_freq': 1}"
9,-0.0030315904526227212,-0.0031346285202350386,-0.0030850445509117254,-0.003027861918645691,-0.0029043438279457785,-0.0030366937592151907,7.687524843392014e-05,1,0.4765753269195557,0.015265109849927502,0.04451661109924317,0.0007663145127492235,0.5014521229018973,0.04321753967138224,377,12,29,2.7472210168692914,45,39,0.37614235923757955,13.319431807397134,34.660466039404234,0.11687042130940428,2,"{'colsample_bytree': 0.5014521229018973, 'learning_rate': 0.04321753967138224, 'max_bin': 377, 'max_depth': 12, 'min_child_samples': 29, 'min_child_weight': 2.7472210168692914, 'n_estimators': 45, 'num_leaves': 39, 'reg_alpha': 0.37614235923757955, 'reg_lambda': 13.319431807397134, 'scale_pos_weight': 34.660466039404234, 'subsample': 0.11687042130940428, 'subsample_freq': 2}"
10,-0.004220171206779189,-0.004297736243638955,-0.0042678115132302056,-0.004160638573153237,-0.003994490614027597,-0.004188170224979625,0.00010736881988527642,1,0.8205996036529541,0.018186886484967323,0.04181418418884277,0.0005396524058585173,0.5172922586592453,0.0014740716441326326,449,3,18,8.490183290636528,86,194,0.0024415042200243344,0.0012675518539496256,2.1352455024245627,0.9296876705108017,5,"{'colsample_bytree': 0.5172922586592453, 'learning_rate': 0.0014740716441326326, 'max_bin': 449, 'max_depth': 3, 'min_child_samples': 18, 'min_child_weight': 8.490183290636528, 'n_estimators': 86, 'num_leaves': 194, 'reg_alpha': 0.0024415042200243344, 'reg_lambda': 0.0012675518539496256, 'scale_pos_weight': 2.1352455024245627, 'subsample': 0.9296876705108017, 'subsample_freq': 5}"
11,-0.0029035393666218563,-0.0030169752397306376,-0.0029509348547973567,-0.0029146110340691807,-0.002815836475013079,-0.0029203790810405773,6.558978966996693e-05,1,0.5945261955261231,0.01851766054296607,0.06452908515930175,0.0072786155131904775,0.5055938121204435,0.043991338889016324,51,15,25,8.564778245485979,93,185,0.00011545996992760875,0.0006932535731437013,0.012023715123536364,0.14160783715945757,5,"{'colsample_bytree': 0.5055938121204435, 'learning_rate': 0.043991338889016324, 'max_bin': 51, 'max_depth': 15, 'min_child_samples': 25, 'min_child_weight': 8.564778245485979, 'n_estimators': 93, 'num_leaves': 185, 'reg_alpha': 0.00011545996992760875, 'reg_lambda': 0.0006932535731437013, 'scale_pos_weight': 0.012023715123536364, 'subsample': 0.14160783715945757, 'subsample_freq': 5}"
12,-0.004312607994155961,-0.0043907153285603125,-0.004363611585533005,-0.0042507402979961055,-0.004082848605006075,-0.004280105366388355,0.00010957718065862995,1,0.34384818077087403,0.03500783091418024,0.040268898010253906,0.0005406145145242439,0.8664579863500022,0.0028161362222151503,41,39,14,9.936713356487326,29,42,0.015218535762904172,96.61691501939521,0.06855418515562596,0.13379611493287474,1,"{'colsample_bytree': 0.8664579863500022, 'learning_rate': 0.0028161362222151503, 'max_bin': 41, 'max_depth': 39, 'min_child_samples': 14, 'min_child_weight': 9.936713356487326, 'n_estimators': 29, 'num_leaves': 42, 'reg_alpha': 0.015218535762904172, 'reg_lambda': 96.61691501939521, 'scale_pos_weight': 0.06855418515562596, 'subsample': 0.13379611493287474, 'subsample_freq': 1}"
13,-0.004017978829475048,-0.0040918951108394105,-0.004061018554255397,-0.00395716039565941,-0.0038015364842657576,-0.0039859184708164516,0.0001026857310234641,1,0.5707245349884034,0.02395364550020426,0.0462587833404541,0.0005567542899748102,0.5706042446603763,0.002383736800526851,497,5,45,1.2832051579282182,99,19,0.0001235609260078361,4.606113869159375,0.016488276078527937,0.13760512533801295,2,"{'colsample_bytree': 0.5706042446603763, 'learning_rate': 0.002383736800526851, 'max_bin': 497, 'max_depth': 5, 'min_child_samples': 45, 'min_child_weight': 1.2832051579282182, 'n_estimators': 99, 'num_leaves': 19, 'reg_alpha': 0.0001235609260078361, 'reg_lambda': 4.606113869159375, 'scale_pos_weight': 0.016488276078527937, 'subsample': 0.13760512533801295, 'subsample_freq': 2}"
14,-0.0029538825098669123,-0.0031001245076127545,-0.003032491758100256,-0.002990341105807795,-0.0028810386872793648,-0.0029915750131292666,7.361701950407392e-05,1,0.3600630760192871,0.012355812893635238,0.04823980331420898,0.00042988644625161594,0.9,0.1,25,40,50,0.0001,100,10,0.0001,0.0001,499.99999999999994,0.1,5,"{'colsample_bytree': 0.9, 'learning_rate': 0.1, 'max_bin': 25, 'max_depth': 40, 'min_child_samples': 50, 'min_child_weight': 0.0001, 'n_estimators': 100, 'num_leaves': 10, 'reg_alpha': 0.0001, 'reg_lambda': 0.0001, 'scale_pos_weight': 499.99999999999994, 'subsample': 0.1, 'subsample_freq': 5}"
15,-0.004387540480164201,-0.004466492501826298,-0.004439866515184271,-0.004324335471462401,-0.004154663189798092,-0.004354580244330841,0.00011114405644468,1,0.37255029678344725,0.02455880738426472,0.03778834342956543,0.0016054300665251176,0.8605446988219649,0.001083034862182013,52,6,39,0.07260533909002992,22,14,0.44413806768762054,12.975077546890601,13.468225800743069,0.6738724534283907,5,"{'colsample_bytree': 0.8605446988219649, 'learning_rate': 0.001083034862182013, 'max_bin': 52, 'max_depth': 6, 'min_child_samples': 39, 'min_child_weight': 0.07260533909002992, 'n_estimators': 22, 'num_leaves': 14, 'reg_alpha': 0.44413806768762054, 'reg_lambda': 12.975077546890601, 'scale_pos_weight': 13.468225800743069, 'subsample': 0.6738724534283907, 'subsample_freq': 5}"
16,-0.0030571748410142315,-0.0031581057955358907,-0.0030855352664652235,-0.0030418925490475267,-0.0029165283092730276,-0.0030518474512892936,7.856702225334399e-05,1,0.4038973808288574,0.008179351688186563,0.037366724014282225,0.000877678908475845,0.5,0.1,500,40,1,10.0,20,10,1.0,0.0001,499.99999999999994,0.95,5,"{'colsample_bytree': 0.5, 'learning_rate': 0.1, 'max_bin': 500, 'max_depth': 40, 'min_child_samples': 1, 'min_child_weight': 10.0, 'n_estimators': 20, 'num_leaves': 10, 'reg_alpha': 1.0, 'reg_lambda': 0.0001, 'scale_pos_weight': 499.99999999999994, 'subsample': 0.95, 'subsample_freq': 5}"
17,-0.0028873838476903614,-0.0029905586908154274,-0.0029413488851055165,-0.0029123709066327433,-0.002787513818677638,-0.0029038349240022494,6.7530749716224e-05,1,1.4214101314544678,0.01783750268397525,0.050428247451782225,0.0003708705828578947,0.7900862462073612,0.03587374737208559,440,7,7,0.20307712017372598,89,195,0.9593903254182262,0.0001584489209945225,0.015799097721520633,0.4229095663082091,1,"{'colsample_bytree': 0.7900862462073612, 'learning_rate': 0.03587374737208559, 'max_bin': 440, 'max_depth': 7, 'min_child_samples': 7, 'min_child_weight': 0.20307712017372598, 'n_estimators': 89, 'num_leaves': 195, 'reg_alpha': 0.9593903254182262, 'reg_lambda': 0.0001584489209945225, 'scale_pos_weight': 0.015799097721520633, 'subsample': 0.4229095663082091, 'subsample_freq': 1}"
18,-0.0030030330788414395,-0.0031023880797088443,-0.003049485020370485,-0.0029958769739076483,-0.0028764631266765925,-0.003005449210991483,7.492749952231838e-05,1,0.4781675338745117,0.01662127895711592,0.0395545482635498,0.004252111344540851,0.8969554341642579,0.08069503085700018,494,25,46,9.445522076007117,22,19,0.0006104053719617768,0.0001443481636281828,0.16419396471096806,0.8143124008733481,1,"{'colsample_bytree': 0.8969554341642579, 'learning_rate': 0.08069503085700018, 'max_bin': 494, 'max_depth': 25, 'min_child_samples': 46, 'min_child_weight': 9.445522076007117, 'n_estimators': 22, 'num_leaves': 19, 'reg_alpha': 0.0006104053719617768, 'reg_lambda': 0.0001443481636281828, 'scale_pos_weight': 0.16419396471096806, 'subsample': 0.8143124008733481, 'subsample_freq': 1}"
19,-0.0042393072684830954,-0.004317976670769047,-0.004288132765342139,-0.004176108993619154,-0.004013894307974956,-0.004207084600172034,0.00010787506564568124,1,0.8492482662200928,0.022735521495521174,0.04632225036621094,0.000326103058260228,0.8774812107218618,0.0011271078066963577,347,30,9,9.796178484825134,82,40,0.7368234816118432,11.851605255031817,423.7028864232143,0.1903450825275088,5,"{'colsample_bytree': 0.8774812107218618, 'learning_rate': 0.0011271078066963577, 'max_bin': 347, 'max_depth': 30, 'min_child_samples': 9, 'min_child_weight': 9.796178484825134, 'n_estimators': 82, 'num_leaves': 40, 'reg_alpha': 0.7368234816118432, 'reg_lambda': 11.851605255031817, 'scale_pos_weight': 423.7028864232143, 'subsample': 0.1903450825275088, 'subsample_freq': 5}"
20,-0.0041601969665139744,-0.004239678919463394,-0.004207268791762768,-0.004099643353421978,-0.003937584444579859,-0.004128875077339644,0.00010662997794838693,1,1.7932079315185547,0.04572840757664657,0.06572818756103516,0.004193929208300462,0.5103219098133073,0.0013909211237269758,63,40,15,4.769959472946906,100,194,0.00010531088916810901,36.78717215196845,0.019586596342345674,0.7294755501848245,5,"{'colsample_bytree': 0.5103219098133073, 'learning_rate': 0.0013909211237269758, 'max_bin': 63, 'max_depth': 40, 'min_child_samples': 15, 'min_child_weight': 4.769959472946906, 'n_estimators': 100, 'num_leaves': 194, 'reg_alpha': 0.00010531088916810901, 'reg_lambda': 36.78717215196845, 'scale_pos_weight': 0.019586596342345674, 'subsample': 0.7294755501848245, 'subsample_freq': 5}"
21,-0.004363285502607831,-0.004440393364986695,-0.004415132196326,-0.004301686921257748,-0.00413119633754823,-0.00433033947692496,0.00011033134877574773,1,0.43931379318237307,0.026443473573233373,0.04127488136291504,0.0005905290173530539,0.5673714155943135,0.0015814432267686645,398,38,27,0.9402515991987801,21,188,0.9452919980614145,0.018952472870569705,0.024077259040067887,0.10906725816222375,1,"{'colsample_bytree': 0.5673714155943135, 'learning_rate': 0.0015814432267686645, 'max_bin': 398, 'max_depth': 38, 'min_child_samples': 27, 'min_child_weight': 0.9402515991987801, 'n_estimators': 21, 'num_leaves': 188, 'reg_alpha': 0.9452919980614145, 'reg_lambda': 0.018952472870569705, 'scale_pos_weight': 0.024077259040067887, 'subsample': 0.10906725816222375, 'subsample_freq': 1}"
22,-0.0036911195667966045,-0.0037730835761614315,-0.003726019384326579,-0.0036459474409611973,-0.0034949880153929366,-0.0036662320593208253,9.523272749257337e-05,1,0.44735217094421387,0.012266332938639476,0.04061589241027832,0.005514487824007777,0.5140708774558682,0.014446108186196932,41,18,13,0.7678517684420221,33,13,0.00015909275375127955,0.0005203524936612176,68.33843594324786,0.818667579379242,1,"{'colsample_bytree': 0.5140708774558682, 'learning_rate': 0.014446108186196932, 'max_bin': 41, 'max_depth': 18, 'min_child_samples': 13, 'min_child_weight': 0.7678517684420221, 'n_estimators': 33, 'num_leaves': 13, 'reg_alpha': 0.00015909275375127955, 'reg_lambda': 0.0005203524936612176, 'scale_pos_weight': 68.33843594324786, 'subsample': 0.818667579379242, 'subsample_freq': 1}"
23,-0.0029327241296388524,-0.003044940999964642,-0.0030004086061123135,-0.0029637746161050205,-0.002844316093349936,-0.002957232433489472,6.774977599553757e-05,1,0.9634490013122559,0.03707831530048349,0.04665837287902832,0.001181600636487731,0.8667184197109343,0.052494506333396994,444,8,4,7.199783156957095,66,196,0.00017743519161797343,0.005493898639397966,309.3835323731122,0.15582474378508263,5,"{'colsample_bytree': 0.8667184197109343, 'learning_rate': 0.052494506333396994, 'max_bin': 444, 'max_depth': 8, 'min_child_samples': 4, 'min_child_weight': 7.199783156957095, 'n_estimators': 66, 'num_leaves': 196, 'reg_alpha': 0.00017743519161797343, 'reg_lambda': 0.005493898639397966, 'scale_pos_weight': 309.3835323731122, 'subsample': 0.15582474378508263, 'subsample_freq': 5}"
24,-0.002986991559023573,-0.003094389716980944,-0.0030325470791496578,-0.0029869969874883723,-0.002871544414078091,-0.0029944938118970483,7.30147839407315e-05,1,0.4742011547088623,0.04143453698227575,0.039078378677368165,0.0003894709056748507,0.5095769995852114,0.09575238009075106,448,7,42,0.8422420397142792,23,17,0.00023973149605261657,34.35209573716601,460.4092561756495,0.9003113031197312,5,"{'colsample_bytree': 0.5095769995852114, 'learning_rate': 0.09575238009075106, 'max_bin': 448, 'max_depth': 7, 'min_child_samples': 42, 'min_child_weight': 0.8422420397142792, 'n_estimators': 23, 'num_leaves': 17, 'reg_alpha': 0.00023973149605261657, 'reg_lambda': 34.35209573716601, 'scale_pos_weight': 460.4092561756495, 'subsample': 0.9003113031197312, 'subsample_freq': 5}"
25,-0.00289064148919043,-0.003016798628332484,-0.0029611239154102944,-0.0029121176415451274,-0.0028126078120321836,-0.002918657376560703,6.856955069643947e-05,1,0.5276636600494384,0.03011728610156872,0.046766138076782225,0.0005934139214862898,0.589147445675309,0.05699107448139375,102,5,46,9.016501847119903,99,197,0.010100888958817564,0.00013626209956745463,211.6003879101947,0.22860644215236237,1,"{'colsample_bytree': 0.589147445675309, 'learning_rate': 0.05699107448139375, 'max_bin': 102, 'max_depth': 5, 'min_child_samples': 46, 'min_child_weight': 9.016501847119903, 'n_estimators': 99, 'num_leaves': 197, 'reg_alpha': 0.010100888958817564, 'reg_lambda': 0.00013626209956745463, 'scale_pos_weight': 211.6003879101947, 'subsample': 0.22860644215236237, 'subsample_freq': 1}"
26,-0.002904638962872307,-0.0030511827335137584,-0.002976758240595884,-0.0029508180933245118,-0.0028259606910197234,-0.002941871052218966,7.492296920272941e-05,1,0.7573049545288086,0.023919634282279528,0.04470605850219726,0.0025623929942365925,0.9,0.1,25,3,1,10.0,100,10,0.0001,200.0,0.01,0.95,1,"{'colsample_bytree': 0.9, 'learning_rate': 0.1, 'max_bin': 25, 'max_depth': 3, 'min_child_samples': 1, 'min_child_weight': 10.0, 'n_estimators': 100, 'num_leaves': 10, 'reg_alpha': 0.0001, 'reg_lambda': 200.0, 'scale_pos_weight': 0.01, 'subsample': 0.95, 'subsample_freq': 1}"
27,-0.0028653654127406497,-0.0030000945422871002,-0.0029397748109000203,-0.0029230190790038735,-0.0027982898851077174,-0.002905308003580533,6.860631166136538e-05,1,1.6699807167053222,0.035468490854926246,0.077117919921875,0.003939310468818278,0.5,0.1,25,40,1,0.0001,100,200,0.0001,200.0,499.99999999999994,0.95,1,"{'colsample_bytree': 0.5, 'learning_rate': 0.1, 'max_bin': 25, 'max_depth': 40, 'min_child_samples': 1, 'min_child_weight': 0.0001, 'n_estimators': 100, 'num_leaves': 200, 'reg_alpha': 0.0001, 'reg_lambda': 200.0, 'scale_pos_weight': 499.99999999999994, 'subsample': 0.95, 'subsample_freq': 1}"
28,-0.002869010436310427,-0.0029824066302438414,-0.002938141947627328,-0.0029090858389221002,-0.00279174585325281,-0.00289807760098943,6.479004149557302e-05,1,1.8040812015533447,0.02274247528195878,0.052517938613891604,0.0035508072315640696,0.8331936776113018,0.09207802431255865,481,40,3,9.744126642080682,98,45,0.7290136245305023,0.00018899160270490666,16.84842729280926,0.8387276460411465,2,"{'colsample_bytree': 0.8331936776113018, 'learning_rate': 0.09207802431255865, 'max_bin': 481, 'max_depth': 40, 'min_child_samples': 3, 'min_child_weight': 9.744126642080682, 'n_estimators': 98, 'num_leaves': 45, 'reg_alpha': 0.7290136245305023, 'reg_lambda': 0.00018899160270490666, 'scale_pos_weight': 16.84842729280926, 'subsample': 0.8387276460411465, 'subsample_freq': 2}"
29,-0.003357172597188166,-0.003473957031977108,-0.003413542912917922,-0.0033379606174766454,-0.0032044578591199674,-0.0033574181991708695,9.000672595336385e-05,1,0.3645425319671631,0.012755987099556769,0.03824138641357422,0.0007066478930826604,0.8569406271186744,0.029796740661789906,110,3,49,0.485952410377721,32,179,0.8004930317702895,0.0002691319064082882,0.01977803449514886,0.5419044050607666,5,"{'colsample_bytree': 0.8569406271186744, 'learning_rate': 0.029796740661789906, 'max_bin': 110, 'max_depth': 3, 'min_child_samples': 49, 'min_child_weight': 0.485952410377721, 'n_estimators': 32, 'num_leaves': 179, 'reg_alpha': 0.8004930317702895, 'reg_lambda': 0.0002691319064082882, 'scale_pos_weight': 0.01977803449514886, 'subsample': 0.5419044050607666, 'subsample_freq': 5}"
30,-0.002927092958899675,-0.003044658785613385,-0.002986534949088116,-0.0029464406947562593,-0.0028150528461730454,-0.002943955733471625,7.597376765745819e-05,1,0.7170755386352539,0.021942713358199778,0.054201698303222655,0.0007248598243145579,0.5,0.1,500,40,50,10.0,100,200,1.0,200.0,499.99999999999994,0.1,1,"{'colsample_bytree': 0.5, 'learning_rate': 0.1, 'max_bin': 500, 'max_depth': 40, 'min_child_samples': 50, 'min_child_weight': 10.0, 'n_estimators': 100, 'num_leaves': 200, 'reg_alpha': 1.0, 'reg_lambda': 200.0, 'scale_pos_weight': 499.99999999999994, 'subsample': 0.1, 'subsample_freq': 1}"
31,-0.002952726557041822,-0.0030305548570872605,-0.002993311312683593,-0.0029570485954199185,-0.0028157717283122594,-0.0029498826629694554,7.271690444596278e-05,1,0.5436941623687744,0.016517991315648014,0.04146394729614258,0.00019726947449670245,0.5,0.1,25,40,50,10.0,20,200,0.0001,0.0001,499.99999999999994,0.95,1,"{'colsample_bytree': 0.5, 'learning_rate': 0.1, 'max_bin': 25, 'max_depth': 40, 'min_child_samples': 50, 'min_child_weight': 10.0, 'n_estimators': 20, 'num_leaves': 200, 'reg_alpha': 0.0001, 'reg_lambda': 0.0001, 'scale_pos_weight': 499.99999999999994, 'subsample': 0.95, 'subsample_freq': 1}"
32,-0.004292264922740911,-0.004368652516556713,-0.004340142144920323,-0.004228758523771371,-0.004064280738112622,-0.004258820390865961,0.00010820653248630683,1,0.4910973072052002,0.0185302283420453,0.043347644805908206,0.0031847269139681786,0.8978336113872805,0.0015083501119215169,491,7,18,0.0018517021060812378,42,23,0.00012544013721238131,0.013703395830337788,337.3734100582588,0.10894955836505524,5,"{'colsample_bytree': 0.8978336113872805, 'learning_rate': 0.0015083501119215169, 'max_bin': 491, 'max_depth': 7, 'min_child_samples': 18, 'min_child_weight': 0.0018517021060812378, 'n_estimators': 42, 'num_leaves': 23, 'reg_alpha': 0.00012544013721238131, 'reg_lambda': 0.013703395830337788, 'scale_pos_weight': 337.3734100582588, 'subsample': 0.10894955836505524, 'subsample_freq': 5}"
33,-0.0028865598293693496,-0.003021805054869651,-0.002968271523962105,-0.0029249578460606037,-0.0028019920906739216,-0.00292071663410228,7.451190670535536e-05,1,0.6842146873474121,0.016189482992254166,0.04418745040893555,0.0008484282983901048,0.7154722174478572,0.09011300812370458,33,4,49,4.8783160757842445,90,22,0.5243576795801529,0.004617244261987605,0.015594740867570784,0.7177584213198753,5,"{'colsample_bytree': 0.7154722174478572, 'learning_rate': 0.09011300812370458, 'max_bin': 33, 'max_depth': 4, 'min_child_samples': 49, 'min_child_weight': 4.8783160757842445, 'n_estimators': 90, 'num_leaves': 22, 'reg_alpha': 0.5243576795801529, 'reg_lambda': 0.004617244261987605, 'scale_pos_weight': 0.015594740867570784, 'subsample': 0.7177584213198753, 'subsample_freq': 5}"
34,-0.0035267520297415757,-0.0035987037317194376,-0.003550563602176753,-0.003477055111608303,-0.0033373312066964297,-0.003498081669294828,8.942404917751121e-05,1,0.7267778873443603,0.011835748938933766,0.046938753128051756,0.006530957252828996,0.5087019610688154,0.007145582098345101,74,4,10,0.1616853388668073,96,35,0.6541906038905397,0.0018682934329726593,58.273508281236,0.6623189558178841,1,"{'colsample_bytree': 0.5087019610688154, 'learning_rate': 0.007145582098345101, 'max_bin': 74, 'max_depth': 4, 'min_child_samples': 10, 'min_child_weight': 0.1616853388668073, 'n_estimators': 96, 'num_leaves': 35, 'reg_alpha': 0.6541906038905397, 'reg_lambda': 0.0018682934329726593, 'scale_pos_weight': 58.273508281236, 'subsample': 0.6623189558178841, 'subsample_freq': 1}"
35,-0.003151546084280644,-0.0032698721434699994,-0.0031814474189800586,-0.0031364320624760306,-0.0030193107525878274,-0.0031517216890948824,8.075766514666301e-05,1,0.38834681510925295,0.020902192610049414,0.03688545227050781,0.0005015205939767573,0.5,0.1,500,3,1,10.0,20,200,1.0,200.0,0.01,0.95,5,"{'colsample_bytree': 0.5, 'learning_rate': 0.1, 'max_bin': 500, 'max_depth': 3, 'min_child_samples': 1, 'min_child_weight': 10.0, 'n_estimators': 20, 'num_leaves': 200, 'reg_alpha': 1.0, 'reg_lambda': 200.0, 'scale_pos_weight': 0.01, 'subsample': 0.95, 'subsample_freq': 5}"
36,-0.004345167980080947,-0.004422947379017472,-0.004396582257030399,-0.00428271961318465,-0.004114036450533851,-0.004312291347059297,0.00011009909467615663,1,1.3503680229187012,0.06660227792453771,0.04446024894714355,0.001278453460839503,0.538652351469355,0.0012292896233724487,493,15,47,9.546276969280783,32,199,0.0002478461323635874,6.542786085749786,16.967455557908526,0.8312906816242132,5,"{'colsample_bytree': 0.538652351469355, 'learning_rate': 0.0012292896233724487, 'max_bin': 493, 'max_depth': 15, 'min_child_samples': 47, 'min_child_weight': 9.546276969280783, 'n_estimators': 32, 'num_leaves': 199, 'reg_alpha': 0.0002478461323635874, 'reg_lambda': 6.542786085749786, 'scale_pos_weight': 16.967455557908526, 'subsample': 0.8312906816242132, 'subsample_freq': 5}"
37,-0.0029006605613978572,-0.0030311463419272783,-0.0029694323927141938,-0.0029374681773474934,-0.0028210486230661256,-0.002931950637690659,7.007577795415725e-05,1,0.9182373523712158,0.047796509663173725,0.04354605674743652,0.0008471373137799261,0.9,0.1,500,3,50,0.0001,100,200,1.0,200.0,499.99999999999994,0.95,5,"{'colsample_bytree': 0.9, 'learning_rate': 0.1, 'max_bin': 500, 'max_depth': 3, 'min_child_samples': 50, 'min_child_weight': 0.0001, 'n_estimators': 100, 'num_leaves': 200, 'reg_alpha': 1.0, 'reg_lambda': 200.0, 'scale_pos_weight': 499.99999999999994, 'subsample': 0.95, 'subsample_freq': 5}"
38,-0.0028961712322724455,-0.0030339875954102967,-0.0029752002516322163,-0.0029322510909102193,-0.0028125468874337263,-0.0029300307821721176,7.45664189963258e-05,1,0.8499672412872314,0.02770671877291791,0.04367060661315918,0.0003373394038387481,0.9,0.1,500,3,1,0.0001,100,200,0.0001,0.0001,499.99999999999994,0.95,1,"{'colsample_bytree': 0.9, 'learning_rate': 0.1, 'max_bin': 500, 'max_depth': 3, 'min_child_samples': 1, 'min_child_weight': 0.0001, 'n_estimators': 100, 'num_leaves': 200, 'reg_alpha': 0.0001, 'reg_lambda': 0.0001, 'scale_pos_weight': 499.99999999999994, 'subsample': 0.95, 'subsample_freq': 1}"
39,-0.002959656235422972,-0.0031136686459424644,-0.00305599183132103,-0.0030031013932106804,-0.0028726484637605606,-0.0030010125452268987,8.234766872431841e-05,1,0.4633961200714111,0.019082092409731542,0.04524984359741211,0.0006138762313482546,0.5,0.1,500,40,1,0.0001,100,10,1.0,0.0001,0.01,0.1,5,"{'colsample_bytree': 0.5, 'learning_rate': 0.1, 'max_bin': 500, 'max_depth': 40, 'min_child_samples': 1, 'min_child_weight': 0.0001, 'n_estimators': 100, 'num_leaves': 10, 'reg_alpha': 1.0, 'reg_lambda': 0.0001, 'scale_pos_weight': 0.01, 'subsample': 0.1, 'subsample_freq': 5}"
40,-0.0029105604080793264,-0.003025498215122205,-0.0029747567757897244,-0.002922335073038451,-0.002830922413019327,-0.0029328141633712325,6.532401606859535e-05,1,0.8078924179077148,0.026338369113380104,0.04390792846679688,0.0010002635173915933,0.5,0.1,500,3,50,10.0,100,10,0.0001,0.0001,0.01,0.95,1,"{'colsample_bytree': 0.5, 'learning_rate': 0.1, 'max_bin': 500, 'max_depth': 3, 'min_child_samples': 50, 'min_child_weight': 10.0, 'n_estimators': 100, 'num_leaves': 10, 'reg_alpha': 0.0001, 'reg_lambda': 0.0001, 'scale_pos_weight': 0.01, 'subsample': 0.95, 'subsample_freq': 1}"
41,-0.0042021954278034755,-0.004285362776310347,-0.004250738460733564,-0.004142730160241863,-0.003977871264739452,-0.0041717801833048565,0.00010817030385809995,1,1.1962417602539062,0.03014228547580214,0.047203779220581055,0.00038101243385534853,0.8755285927764425,0.0011734795640737437,71,39,11,6.214781398029472,97,40,0.00013490826008002185,99.47080572044297,0.2024193984280604,0.8888433189111464,1,"{'colsample_bytree': 0.8755285927764425, 'learning_rate': 0.0011734795640737437, 'max_bin': 71, 'max_depth': 39, 'min_child_samples': 11, 'min_child_weight': 6.214781398029472, 'n_estimators': 97, 'num_leaves': 40, 'reg_alpha': 0.00013490826008002185, 'reg_lambda': 99.47080572044297, 'scale_pos_weight': 0.2024193984280604, 'subsample': 0.8888433189111464, 'subsample_freq': 1}"
42,-0.0029721397492318263,-0.003094309346657068,-0.003024714449556971,-0.0029806338297744743,-0.0028628137935102936,-0.0029869219589838633,7.565805010831383e-05,1,0.3474261283874512,0.016010369970111515,0.04320540428161621,0.0004447973357112653,0.5621448337189706,0.09944918257432214,66,30,48,9.588373789699332,30,188,0.0033188245182602487,34.03304661273069,0.01615167514748709,0.13273015330163557,4,"{'colsample_bytree': 0.5621448337189706, 'learning_rate': 0.09944918257432214, 'max_bin': 66, 'max_depth': 30, 'min_child_samples': 48, 'min_child_weight': 9.588373789699332, 'n_estimators': 30, 'num_leaves': 188, 'reg_alpha': 0.0033188245182602487, 'reg_lambda': 34.03304661273069, 'scale_pos_weight': 0.01615167514748709, 'subsample': 0.13273015330163557, 'subsample_freq': 4}"
43,-0.004347134240859249,-0.004423515361202429,-0.004398905728552855,-0.004284864239596795,-0.004115887001601497,-0.00431406192908955,0.00010990640372682704,1,1.2398996829986573,0.05118123854070893,0.04092154502868652,0.0013005377723520248,0.5189477548252032,0.0015267338000336365,474,39,5,8.952778131183079,24,187,0.0784889513273165,0.0003799234100928279,0.04137377156273894,0.8583129186577381,5,"{'colsample_bytree': 0.5189477548252032, 'learning_rate': 0.0015267338000336365, 'max_bin': 474, 'max_depth': 39, 'min_child_samples': 5, 'min_child_weight': 8.952778131183079, 'n_estimators': 24, 'num_leaves': 187, 'reg_alpha': 0.0784889513273165, 'reg_lambda': 0.0003799234100928279, 'scale_pos_weight': 0.04137377156273894, 'subsample': 0.8583129186577381, 'subsample_freq': 5}"
44,-0.0030512701207705854,-0.0031447558112021766,-0.0030892286917316627,-0.0030347036490017917,-0.0029235149630667304,-0.0030486946950249567,7.313356815054956e-05,1,0.35558247566223145,0.01054717301621086,0.04073915481567383,0.0055490987118306705,0.7401977349581415,0.07132997828110159,451,6,2,8.51819052727462,23,18,0.00012477316219287085,1.2617176330594293,0.4489203760378491,0.22786752716935535,1,"{'colsample_bytree': 0.7401977349581415, 'learning_rate': 0.07132997828110159, 'max_bin': 451, 'max_depth': 6, 'min_child_samples': 2, 'min_child_weight': 8.51819052727462, 'n_estimators': 23, 'num_leaves': 18, 'reg_alpha': 0.00012477316219287085, 'reg_lambda': 1.2617176330594293, 'scale_pos_weight': 0.4489203760378491, 'subsample': 0.22786752716935535, 'subsample_freq': 1}"
45,-0.0033770421151564744,-0.0034479572721125436,-0.003409557972656409,-0.0033472527543637848,-0.0032015186126686784,-0.0033566661241274712,8.450507571463834e-05,1,4.758057260513306,0.04611249159931016,0.05743494033813477,0.0011067603239473256,0.8685384005641603,0.006951008959633119,457,35,5,1.1910926342201769,92,193,0.6253489675545778,0.00011171290568768666,0.011405821945896288,0.832151815287775,1,"{'colsample_bytree': 0.8685384005641603, 'learning_rate': 0.006951008959633119, 'max_bin': 457, 'max_depth': 35, 'min_child_samples': 5, 'min_child_weight': 1.1910926342201769, 'n_estimators': 92, 'num_leaves': 193, 'reg_alpha': 0.6253489675545778, 'reg_lambda': 0.00011171290568768666, 'scale_pos_weight': 0.011405821945896288, 'subsample': 0.832151815287775, 'subsample_freq': 1}"
46,-0.004319095884892836,-0.004395457018993701,-0.004367994461914388,-0.004256897673011382,-0.004088648807965877,-0.004285619391595289,0.00010917140342989415,1,0.30495338439941405,0.017041390970415925,0.0385685920715332,0.0006327826648494148,0.846203989689317,0.0018365856701687568,27,5,25,8.61920430367063,29,180,0.7336727724541973,0.03444813583283031,188.04900565276728,0.13035952511344306,2,"{'colsample_bytree': 0.846203989689317, 'learning_rate': 0.0018365856701687568, 'max_bin': 27, 'max_depth': 5, 'min_child_samples': 25, 'min_child_weight': 8.61920430367063, 'n_estimators': 29, 'num_leaves': 180, 'reg_alpha': 0.7336727724541973, 'reg_lambda': 0.03444813583283031, 'scale_pos_weight': 188.04900565276728, 'subsample': 0.13035952511344306, 'subsample_freq': 2}"
47,-0.002892550959012588,-0.003016382388259617,-0.0029637500631051,-0.0029608754273099972,-0.002838161671973821,-0.0029343433251224453,6.212315588732315e-05,1,4.177455997467041,0.1030959395821342,0.09065217971801758,0.004163898163327665,0.9,0.1,500,40,50,0.0001,100,200,0.0001,0.0001,0.01,0.95,1,"{'colsample_bytree': 0.9, 'learning_rate': 0.1, 'max_bin': 500, 'max_depth': 40, 'min_child_samples': 50, 'min_child_weight': 0.0001, 'n_estimators': 100, 'num_leaves': 200, 'reg_alpha': 0.0001, 'reg_lambda': 0.0001, 'scale_pos_weight': 0.01, 'subsample': 0.95, 'subsample_freq': 1}"
48,-0.004366998328446063,-0.0044459971412152315,-0.004419457512678022,-0.004304275919897005,-0.004135158192264132,-0.004334378025225429,0.00011077460672545526,1,0.4345396518707275,0.017244747667904424,0.03776960372924805,0.0008079336005811084,0.8361529064276672,0.0012072828207665975,37,4,5,1.3742641074999116,28,197,0.6788074736547547,29.401012835853756,300.7873775177688,0.8456147010540686,5,"{'colsample_bytree': 0.8361529064276672, 'learning_rate': 0.0012072828207665975, 'max_bin': 37, 'max_depth': 4, 'min_child_samples': 5, 'min_child_weight': 1.3742641074999116, 'n_estimators': 28, 'num_leaves': 197, 'reg_alpha': 0.6788074736547547, 'reg_lambda': 29.401012835853756, 'scale_pos_weight': 300.7873775177688, 'subsample': 0.8456147010540686, 'subsample_freq': 5}"
49,-0.0031838283469770574,-0.0032789019405338724,-0.003249985821970398,-0.003199669268790373,-0.003086045342688947,-0.0031996858494430136,6.628803324081142e-05,1,0.4228424072265625,0.017622812893801614,0.0426274299621582,0.000749111336405134,0.9,0.1,25,40,1,0.0001,20,200,0.0001,0.0001,0.01,0.1,1,"{'colsample_bytree': 0.9, 'learning_rate': 0.1, 'max_bin': 25, 'max_depth': 40, 'min_child_samples': 1, 'min_child_weight': 0.0001, 'n_estimators': 20, 'num_leaves': 200, 'reg_alpha': 0.0001, 'reg_lambda': 0.0001, 'scale_pos_weight': 0.01, 'subsample': 0.1, 'subsample_freq': 1}"
50,-0.0029177823401898475,-0.003037097434160994,-0.0029852978351232336,-0.0029551334866596032,-0.0028283640670480137,-0.0029447345316662367,7.007502039192954e-05,1,0.5224431037902832,0.020267381001428535,0.04743237495422363,0.0006984804608293356,0.9,0.1,500,40,50,10.0,100,10,1.0,200.0,499.99999999999994,0.1,1,"{'colsample_bytree': 0.9, 'learning_rate': 0.1, 'max_bin': 500, 'max_depth': 40, 'min_child_samples': 50, 'min_child_weight': 10.0, 'n_estimators': 100, 'num_leaves': 10, 'reg_alpha': 1.0, 'reg_lambda': 200.0, 'scale_pos_weight': 499.99999999999994, 'subsample': 0.1, 'subsample_freq': 1}"
51,-0.003076793540682877,-0.0031912384404878835,-0.003137858089385311,-0.0030832490624012458,-0.0029693352212142735,-0.0030916945938630693,7.389823177175754e-05,1,0.3210704803466797,0.017298986451702594,0.03689298629760742,8.923273275468876e-05,0.8693953277218192,0.0926296999743859,370,4,2,1.6767125222477313,29,12,0.00021008788201792375,172.2470006657118,0.02620686057002656,0.18765014229417545,2,"{'colsample_bytree': 0.8693953277218192, 'learning_rate': 0.0926296999743859, 'max_bin': 370, 'max_depth': 4, 'min_child_samples': 2, 'min_child_weight': 1.6767125222477313, 'n_estimators': 29, 'num_leaves': 12, 'reg_alpha': 0.00021008788201792375, 'reg_lambda': 172.2470006657118, 'scale_pos_weight': 0.02620686057002656, 'subsample': 0.18765014229417545, 'subsample_freq': 2}"
52,-0.0028713036408770237,-0.002994797312053908,-0.0029392224009698645,-0.0029025515877802673,-0.002786212815330574,-0.0028988170400008565,6.970662806535764e-05,1,1.0612202644348145,0.0738466378626217,0.04925355911254883,0.0002842908815738467,0.5117852689751085,0.06685031763274887,27,8,7,5.378166409695178,99,40,0.12636226305078432,0.0070126211439152705,0.08921990101661381,0.9343706148542954,5,"{'colsample_bytree': 0.5117852689751085, 'learning_rate': 0.06685031763274887, 'max_bin': 27, 'max_depth': 8, 'min_child_samples': 7, 'min_child_weight': 5.378166409695178, 'n_estimators': 99, 'num_leaves': 40, 'reg_alpha': 0.12636226305078432, 'reg_lambda': 0.0070126211439152705, 'scale_pos_weight': 0.08921990101661381, 'subsample': 0.9343706148542954, 'subsample_freq': 5}"
53,-0.004107855962085453,-0.004187578127023182,-0.004152289495467288,-0.004047483887636329,-0.00388478263345161,-0.0040759986132768026,0.00010645267392614884,1,1.978448247909546,0.012238760992046384,0.05258688926696777,0.0015289843861174988,0.5539550787147802,0.0018614347332556768,499,38,49,7.831443378620357,97,63,0.0006255848139277753,99.63626621782372,81.66634618105505,0.9384726409577451,1,"{'colsample_bytree': 0.5539550787147802, 'learning_rate': 0.0018614347332556768, 'max_bin': 499, 'max_depth': 38, 'min_child_samples': 49, 'min_child_weight': 7.831443378620357, 'n_estimators': 97, 'num_leaves': 63, 'reg_alpha': 0.0006255848139277753, 'reg_lambda': 99.63626621782372, 'scale_pos_weight': 81.66634618105505, 'subsample': 0.9384726409577451, 'subsample_freq': 1}"
54,-0.0028618578942146734,-0.002989690321945673,-0.00293003633549534,-0.002906289080624516,-0.002791263934149496,-0.002895826881892117,6.659892925088994e-05,1,0.968540096282959,0.025847765978626615,0.050685548782348634,0.0004983661591433146,0.550037588974876,0.08067273707407195,42,10,42,9.984226650031822,97,34,0.8686176143307744,0.0057074898481193756,0.01835476555259971,0.820992044860367,3,"{'colsample_bytree': 0.550037588974876, 'learning_rate': 0.08067273707407195, 'max_bin': 42, 'max_depth': 10, 'min_child_samples': 42, 'min_child_weight': 9.984226650031822, 'n_estimators': 97, 'num_leaves': 34, 'reg_alpha': 0.8686176143307744, 'reg_lambda': 0.0057074898481193756, 'scale_pos_weight': 0.01835476555259971, 'subsample': 0.820992044860367, 'subsample_freq': 3}"
55,-0.00423503242729389,-0.004310497149960571,-0.004282497578870109,-0.004173408842425006,-0.004008083686554792,-0.004201904552780623,0.00010748265545583255,1,0.39777183532714844,0.016345725328806113,0.0522341251373291,0.009720350743827683,0.5178041848398895,0.001385624118247812,35,40,46,8.016597616159782,72,26,0.4755160995702262,0.0005541653874823927,0.05004172073252125,0.12586817373444886,4,"{'colsample_bytree': 0.5178041848398895, 'learning_rate': 0.001385624118247812, 'max_bin': 35, 'max_depth': 40, 'min_child_samples': 46, 'min_child_weight': 8.016597616159782, 'n_estimators': 72, 'num_leaves': 26, 'reg_alpha': 0.4755160995702262, 'reg_lambda': 0.0005541653874823927, 'scale_pos_weight': 0.05004172073252125, 'subsample': 0.12586817373444886, 'subsample_freq': 4}"
56,-0.0030420624825341315,-0.003154661623542366,-0.003083475296939514,-0.003040987789676054,-0.0029194384452435216,-0.003048125014900642,7.648147318619701e-05,1,0.5441363334655762,0.01657619086964673,0.044721364974975586,0.010539121357270797,0.8917372754304174,0.08236828514953057,75,39,24,0.3025524036062592,21,113,0.712869859005852,146.5523974339134,393.6541782433011,0.9228076672868449,4,"{'colsample_bytree': 0.8917372754304174, 'learning_rate': 0.08236828514953057, 'max_bin': 75, 'max_depth': 39, 'min_child_samples': 24, 'min_child_weight': 0.3025524036062592, 'n_estimators': 21, 'num_leaves': 113, 'reg_alpha': 0.712869859005852, 'reg_lambda': 146.5523974339134, 'scale_pos_weight': 393.6541782433011, 'subsample': 0.9228076672868449, 'subsample_freq': 4}"
57,-0.0033387947415296094,-0.003411839255543938,-0.0033617265831869746,-0.00329968204908069,-0.0031550459506744376,-0.0033134181876862865,8.710244413469393e-05,1,1.0194034576416016,0.09345057295650358,0.07173171043395996,0.003891750685817984,0.736755802276746,0.009447125080782673,31,38,3,9.497240147316655,97,171,0.0001117859348734516,15.267749091846893,140.646232285861,0.15798148196585526,4,"{'colsample_bytree': 0.736755802276746, 'learning_rate': 0.009447125080782673, 'max_bin': 31, 'max_depth': 38, 'min_child_samples': 3, 'min_child_weight': 9.497240147316655, 'n_estimators': 97, 'num_leaves': 171, 'reg_alpha': 0.0001117859348734516, 'reg_lambda': 15.267749091846893, 'scale_pos_weight': 140.646232285861, 'subsample': 0.15798148196585526, 'subsample_freq': 4}"
58,-0.003045010620058423,-0.0031487253163865843,-0.0030920620474845085,-0.003044215939244639,-0.0029263214556748446,-0.003051266959480963,7.329681093827982e-05,1,0.3919043064117432,0.021377912307347344,0.03773155212402344,0.0004630276050572597,0.5043782230631975,0.08102022612805532,472,4,50,7.521379593713028,28,16,0.053332070853524684,85.48974983586041,385.7479072763297,0.4818840581738798,1,"{'colsample_bytree': 0.5043782230631975, 'learning_rate': 0.08102022612805532, 'max_bin': 472, 'max_depth': 4, 'min_child_samples': 50, 'min_child_weight': 7.521379593713028, 'n_estimators': 28, 'num_leaves': 16, 'reg_alpha': 0.053332070853524684, 'reg_lambda': 85.48974983586041, 'scale_pos_weight': 385.7479072763297, 'subsample': 0.4818840581738798, 'subsample_freq': 1}"
59,-0.002905270730368319,-0.003015898453503579,-0.0029677606363433906,-0.002924949311088522,-0.0028164267207004827,-0.0029260607839686355,6.672690679983124e-05,1,0.5026665687561035,0.018608322643245138,0.04663171768188477,0.0019259583191077393,0.5116832832491043,0.08490861098029553,114,6,4,0.48005939350761884,75,24,0.9424492507737885,0.06175521083338349,337.1445788758965,0.32229060910472507,5,"{'colsample_bytree': 0.5116832832491043, 'learning_rate': 0.08490861098029553, 'max_bin': 114, 'max_depth': 6, 'min_child_samples': 4, 'min_child_weight': 0.48005939350761884, 'n_estimators': 75, 'num_leaves': 24, 'reg_alpha': 0.9424492507737885, 'reg_lambda': 0.06175521083338349, 'scale_pos_weight': 337.1445788758965, 'subsample': 0.32229060910472507, 'subsample_freq': 5}"
60,-0.0029155799991022156,-0.003026253235304421,-0.002983942534693423,-0.0029402902259056465,-0.0028196817742765536,-0.0029371491529428116,6.986047168000282e-05,1,0.5950984001159668,0.014296147562753532,0.04557046890258789,0.0017639825166038837,0.8512639933311872,0.05054253955425328,477,37,48,9.85551275563629,51,31,0.0006649346446837298,0.00019455611896544416,0.015482126922527348,0.2154018042546047,4,"{'colsample_bytree': 0.8512639933311872, 'learning_rate': 0.05054253955425328, 'max_bin': 477, 'max_depth': 37, 'min_child_samples': 48, 'min_child_weight': 9.85551275563629, 'n_estimators': 51, 'num_leaves': 31, 'reg_alpha': 0.0006649346446837298, 'reg_lambda': 0.00019455611896544416, 'scale_pos_weight': 0.015482126922527348, 'subsample': 0.2154018042546047, 'subsample_freq': 4}"
61,-0.0030455608643031856,-0.003130104359803091,-0.0030716527447275255,-0.0030851543817951225,-0.0029372411380466997,-0.0030539425419418603,6.446323487098418e-05,1,0.4868180751800537,0.020234494581029237,0.053188657760620116,0.001084936475590014,0.5047390028722385,0.08606908136476837,57,9,9,8.810480045772646,88,191,0.00011507078790565783,0.0005572069294741514,1.5578581713866801,0.11233819836443358,5,"{'colsample_bytree': 0.5047390028722385, 'learning_rate': 0.08606908136476837, 'max_bin': 57, 'max_depth': 9, 'min_child_samples': 9, 'min_child_weight': 8.810480045772646, 'n_estimators': 88, 'num_leaves': 191, 'reg_alpha': 0.00011507078790565783, 'reg_lambda': 0.0005572069294741514, 'scale_pos_weight': 1.5578581713866801, 'subsample': 0.11233819836443358, 'subsample_freq': 5}"
62,-0.004152735844831472,-0.004229154621635417,-0.004198518546458015,-0.004091709241569317,-0.003927128825806256,-0.0041198500273206436,0.00010691128173405051,1,0.633353853225708,0.03377348803704022,0.05225849151611328,0.001554982262192385,0.5529936738697095,0.0014420390661338248,400,7,41,0.0444221108682066,98,182,0.00018636161697175826,0.0005647025104660748,143.62113422338388,0.1013806738750357,2,"{'colsample_bytree': 0.5529936738697095, 'learning_rate': 0.0014420390661338248, 'max_bin': 400, 'max_depth': 7, 'min_child_samples': 41, 'min_child_weight': 0.0444221108682066, 'n_estimators': 98, 'num_leaves': 182, 'reg_alpha': 0.00018636161697175826, 'reg_lambda': 0.0005647025104660748, 'scale_pos_weight': 143.62113422338388, 'subsample': 0.1013806738750357, 'subsample_freq': 2}"
63,-0.002927092958899675,-0.003044658785613385,-0.002986534949088116,-0.0029464406947562593,-0.0028150528461730454,-0.002943955733471625,7.597376765745819e-05,1,0.7112329959869385,0.02378597035129991,0.05537261962890625,0.0009920181207482344,0.5,0.1,500,40,50,0.0001,100,200,1.0,200.0,0.01,0.1,1,"{'colsample_bytree': 0.5, 'learning_rate': 0.1, 'max_bin': 500, 'max_depth': 40, 'min_child_samples': 50, 'min_child_weight': 0.0001, 'n_estimators': 100, 'num_leaves': 200, 'reg_alpha': 1.0, 'reg_lambda': 200.0, 'scale_pos_weight': 0.01, 'subsample': 0.1, 'subsample_freq': 1}"
64,-0.004173051369215622,-0.004252971470544972,-0.004221111148331398,-0.00411417855078977,-0.003948444787448483,-0.004141952043320434,0.00010749333577363364,1,0.7381402015686035,0.008246832011654723,0.04233217239379883,0.0023597607807376605,0.8418527795503912,0.0015229130557027793,296,3,4,8.975787916580911,91,49,0.7347309694325314,0.0007338592967445296,0.025030207603408277,0.7811199063477208,1,"{'colsample_bytree': 0.8418527795503912, 'learning_rate': 0.0015229130557027793, 'max_bin': 296, 'max_depth': 3, 'min_child_samples': 4, 'min_child_weight': 8.975787916580911, 'n_estimators': 91, 'num_leaves': 49, 'reg_alpha': 0.7347309694325314, 'reg_lambda': 0.0007338592967445296, 'scale_pos_weight': 0.025030207603408277, 'subsample': 0.7811199063477208, 'subsample_freq': 1}"
65,-0.003019016881342352,-0.003131371694837486,-0.0030704184325337715,-0.003025345052259981,-0.002893102602139425,-0.003027850768423959,7.84466800511899e-05,1,0.5492305755615234,0.018415569971644903,0.0498389720916748,0.0005595662088924001,0.8927055305049405,0.0236019916856034,32,7,46,1.2655857407927233,91,195,0.00015429806928603408,47.18352333036764,0.04327990268952608,0.2149629262760399,1,"{'colsample_bytree': 0.8927055305049405, 'learning_rate': 0.0236019916856034, 'max_bin': 32, 'max_depth': 7, 'min_child_samples': 46, 'min_child_weight': 1.2655857407927233, 'n_estimators': 91, 'num_leaves': 195, 'reg_alpha': 0.00015429806928603408, 'reg_lambda': 47.18352333036764, 'scale_pos_weight': 0.04327990268952608, 'subsample': 0.2149629262760399, 'subsample_freq': 1}"
66,-0.004362189226730938,-0.00443995542425361,-0.004413463585030054,-0.004299492836235472,-0.004133185625940519,-0.004329657944308796,0.00010932291350344043,1,0.41047444343566897,0.02092054198868922,0.04575662612915039,0.011811855101745105,0.8599745473775064,0.0016069682397665123,433,22,49,0.5726006252121552,20,168,0.00020409129191174233,0.0012009041612025882,0.03326972957005327,0.12280516549344661,5,"{'colsample_bytree': 0.8599745473775064, 'learning_rate': 0.0016069682397665123, 'max_bin': 433, 'max_depth': 22, 'min_child_samples': 49, 'min_child_weight': 0.5726006252121552, 'n_estimators': 20, 'num_leaves': 168, 'reg_alpha': 0.00020409129191174233, 'reg_lambda': 0.0012009041612025882, 'scale_pos_weight': 0.03326972957005327, 'subsample': 0.12280516549344661, 'subsample_freq': 5}"
67,-0.002879787625320485,-0.0029984130755030774,-0.0029248056360890824,-0.0029257821975992504,-0.0027797952908163214,-0.0029017163574683916,7.184388005591178e-05,1,1.306265640258789,0.031402286131392995,0.0520378589630127,0.0006285214548895147,0.7604998457788628,0.09739116312914149,250,9,50,9.720302088110971,85,196,0.00018636014073208855,0.00015749450671258633,98.32220227911056,0.8988899298182101,5,"{'colsample_bytree': 0.7604998457788628, 'learning_rate': 0.09739116312914149, 'max_bin': 250, 'max_depth': 9, 'min_child_samples': 50, 'min_child_weight': 9.720302088110971, 'n_estimators': 85, 'num_leaves': 196, 'reg_alpha': 0.00018636014073208855, 'reg_lambda': 0.00015749450671258633, 'scale_pos_weight': 98.32220227911056, 'subsample': 0.8988899298182101, 'subsample_freq': 5}"
68,-0.003104693167705805,-0.0031957717962083675,-0.003146441000402984,-0.0030941868536226874,-0.0029687781419892676,-0.0031019742425234652,7.560949701913939e-05,1,0.2581212043762207,0.012906276729238306,0.03646693229675293,0.0002733459433128329,0.9,0.1,25,3,1,10.0,20,200,1.0,0.0001,499.99999999999994,0.1,1,"{'colsample_bytree': 0.9, 'learning_rate': 0.1, 'max_bin': 25, 'max_depth': 3, 'min_child_samples': 1, 'min_child_weight': 10.0, 'n_estimators': 20, 'num_leaves': 200, 'reg_alpha': 1.0, 'reg_lambda': 0.0001, 'scale_pos_weight': 499.99999999999994, 'subsample': 0.1, 'subsample_freq': 1}"
69,-0.0029464884742961997,-0.003060281231195603,-0.00301230011994096,-0.0029603199142201205,-0.0028421064982170658,-0.002964298916524878,7.318508504941078e-05,1,0.431956148147583,0.01255093305112158,0.04815511703491211,0.0004966600285495344,0.6920130005650496,0.030136249683688866,229,7,50,9.691683032587411,100,15,0.7397637767848907,0.0002344097588613841,458.2607800726232,0.10312541847259216,5,"{'colsample_bytree': 0.6920130005650496, 'learning_rate': 0.030136249683688866, 'max_bin': 229, 'max_depth': 7, 'min_child_samples': 50, 'min_child_weight': 9.691683032587411, 'n_estimators': 100, 'num_leaves': 15, 'reg_alpha': 0.7397637767848907, 'reg_lambda': 0.0002344097588613841, 'scale_pos_weight': 458.2607800726232, 'subsample': 0.10312541847259216, 'subsample_freq': 5}"
70,-0.002958762652281092,-0.0030824145337310926,-0.0030140711828058712,-0.0030040240436756526,-0.00286133401079283,-0.0029841208133160246,7.303973966473101e-05,1,0.39970035552978517,0.018291225835917,0.043520021438598636,0.001178407278343713,0.9,0.1,500,3,50,10.0,100,200,1.0,200.0,0.01,0.1,5,"{'colsample_bytree': 0.9, 'learning_rate': 0.1, 'max_bin': 500, 'max_depth': 3, 'min_child_samples': 50, 'min_child_weight': 10.0, 'n_estimators': 100, 'num_leaves': 200, 'reg_alpha': 1.0, 'reg_lambda': 200.0, 'scale_pos_weight': 0.01, 'subsample': 0.1, 'subsample_freq': 5}"
71,-0.0038600798720656057,-0.0039459988773262785,-0.0038984930326228817,-0.003804272872304796,-0.00365169238061509,-0.0038321079269115614,0.0001014733816655831,1,0.4377492904663086,0.022861809878539224,0.04319748878479004,0.013393485679626439,0.5022971528885222,0.0178978222338654,444,4,9,0.4062199513219624,22,153,0.0002474350976022988,155.739410329634,186.85793615467122,0.9321148661892109,2,"{'colsample_bytree': 0.5022971528885222, 'learning_rate': 0.0178978222338654, 'max_bin': 444, 'max_depth': 4, 'min_child_samples': 9, 'min_child_weight': 0.4062199513219624, 'n_estimators': 22, 'num_leaves': 153, 'reg_alpha': 0.0002474350976022988, 'reg_lambda': 155.739410329634, 'scale_pos_weight': 186.85793615467122, 'subsample': 0.9321148661892109, 'subsample_freq': 2}"
72,-0.0028892400695600443,-0.00303027501317944,-0.002965533146907688,-0.002934412395823369,-0.002795419911309316,-0.002922975480303727,7.856612629181501e-05,1,0.6591124057769775,0.026289880810322293,0.06215310096740723,0.0005816067672871112,0.6777644049746152,0.0695678984299191,71,37,46,0.24775344654449133,91,167,0.00010153934238725449,59.37997355104493,2.067327073201532,0.17398448020796894,5,"{'colsample_bytree': 0.6777644049746152, 'learning_rate': 0.0695678984299191, 'max_bin': 71, 'max_depth': 37, 'min_child_samples': 46, 'min_child_weight': 0.24775344654449133, 'n_estimators': 91, 'num_leaves': 167, 'reg_alpha': 0.00010153934238725449, 'reg_lambda': 59.37997355104493, 'scale_pos_weight': 2.067327073201532, 'subsample': 0.17398448020796894, 'subsample_freq': 5}"
73,-0.0029447837048989156,-0.0030661636447441346,-0.003015666593576169,-0.002959609277467687,-0.002836689028273188,-0.002964582081792448,7.707303456555967e-05,1,0.4675957202911377,0.016983673626834256,0.048471593856811525,0.002553617197610368,0.5,0.1,500,40,1,10.0,100,10,0.0001,200.0,499.99999999999994,0.1,5,"{'colsample_bytree': 0.5, 'learning_rate': 0.1, 'max_bin': 500, 'max_depth': 40, 'min_child_samples': 1, 'min_child_weight': 10.0, 'n_estimators': 100, 'num_leaves': 10, 'reg_alpha': 0.0001, 'reg_lambda': 200.0, 'scale_pos_weight': 499.99999999999994, 'subsample': 0.1, 'subsample_freq': 5}"
74,-0.0028789670776778278,-0.002990501175266347,-0.002944981909710957,-0.0029099435140896735,-0.002789745594597663,-0.0029028274107678782,6.76324923917408e-05,1,1.086201810836792,0.02664832937832963,0.04511227607727051,0.00032313430752136014,0.8413972865521486,0.09128507206540112,495,36,6,1.0427597349596147,87,17,0.0019200661912788662,0.00035846335015792897,0.3272846555599633,0.9349945799635115,5,"{'colsample_bytree': 0.8413972865521486, 'learning_rate': 0.09128507206540112, 'max_bin': 495, 'max_depth': 36, 'min_child_samples': 6, 'min_child_weight': 1.0427597349596147, 'n_estimators': 87, 'num_leaves': 17, 'reg_alpha': 0.0019200661912788662, 'reg_lambda': 0.00035846335015792897, 'scale_pos_weight': 0.3272846555599633, 'subsample': 0.9349945799635115, 'subsample_freq': 5}"
75,-0.0031507295693582837,-0.0032271512802172844,-0.003188613196455278,-0.0031250134151457032,-0.0029962764244778747,-0.0031375570219737735,7.864397076971232e-05,1,0.29930973052978516,0.013211723976556176,0.04091062545776367,0.0028615089703046825,0.5278984812470238,0.05310747619301536,38,18,11,0.14574750821150464,24,21,0.14273354032228888,0.0008688439201748398,0.08036600366100645,0.18851122420233213,1,"{'colsample_bytree': 0.5278984812470238, 'learning_rate': 0.05310747619301536, 'max_bin': 38, 'max_depth': 18, 'min_child_samples': 11, 'min_child_weight': 0.14574750821150464, 'n_estimators': 24, 'num_leaves': 21, 'reg_alpha': 0.14273354032228888, 'reg_lambda': 0.0008688439201748398, 'scale_pos_weight': 0.08036600366100645, 'subsample': 0.18851122420233213, 'subsample_freq': 1}"
76,-0.003851498733033361,-0.003918308033165454,-0.0038850463460362895,-0.0037911505660301764,-0.003638147654037481,-0.003816830910843864,9.873115211008047e-05,1,3.3279889583587647,0.1294056789624524,0.07325935363769531,0.011172579019071352,0.8407899666116545,0.002875718485004983,461,39,7,8.42661179930631,95,172,0.00011086562819689009,0.0001283433120431058,480.3235985346947,0.1995178664867428,1,"{'colsample_bytree': 0.8407899666116545, 'learning_rate': 0.002875718485004983, 'max_bin': 461, 'max_depth': 39, 'min_child_samples': 7, 'min_child_weight': 8.42661179930631, 'n_estimators': 95, 'num_leaves': 172, 'reg_alpha': 0.00011086562819689009, 'reg_lambda': 0.0001283433120431058, 'scale_pos_weight': 480.3235985346947, 'subsample': 0.1995178664867428, 'subsample_freq': 1}"
77,-0.003013263967900534,-0.003122723863902862,-0.003057504246831636,-0.00302072233797729,-0.0028805013879732596,-0.00301894305535787,7.932005185196905e-05,1,0.33921175003051757,0.012251938126220547,0.04141931533813477,0.001061218160236241,0.8318341786468435,0.09482626300818887,95,36,48,7.049917151399767,24,198,0.30736810727956076,41.59605039529214,116.4617736585175,0.14548110993315072,1,"{'colsample_bytree': 0.8318341786468435, 'learning_rate': 0.09482626300818887, 'max_bin': 95, 'max_depth': 36, 'min_child_samples': 48, 'min_child_weight': 7.049917151399767, 'n_estimators': 24, 'num_leaves': 198, 'reg_alpha': 0.30736810727956076, 'reg_lambda': 41.59605039529214, 'scale_pos_weight': 116.4617736585175, 'subsample': 0.14548110993315072, 'subsample_freq': 1}"
78,-0.003441053607415421,-0.0035161499596573506,-0.0034756427153026155,-0.00341139924678374,-0.0032656635337043123,-0.0034219821670604268,8.562431104310653e-05,1,1.7650560855865478,0.034794277094719744,0.05719141960144043,0.0020562494712515894,0.8766591589822652,0.006436463693152839,45,38,8,9.702381180389645,89,192,0.0004284366917125674,0.0003509279037009493,0.028223701474361235,0.8348003149603517,5,"{'colsample_bytree': 0.8766591589822652, 'learning_rate': 0.006436463693152839, 'max_bin': 45, 'max_depth': 38, 'min_child_samples': 8, 'min_child_weight': 9.702381180389645, 'n_estimators': 89, 'num_leaves': 192, 'reg_alpha': 0.0004284366917125674, 'reg_lambda': 0.0003509279037009493, 'scale_pos_weight': 0.028223701474361235, 'subsample': 0.8348003149603517, 'subsample_freq': 5}"
79,-0.004294624629115603,-0.004373994331588133,-0.004345802798783499,-0.004233883815888052,-0.004064032282749526,-0.004262468169328676,0.00011009960863883819,1,0.4101593494415283,0.018194388463729057,0.045094537734985354,0.008508482782716901,0.8585367769482137,0.001061666555163821,50,4,48,0.7778573520893313,79,22,0.0008291915214918728,77.0294058321981,188.40477223145413,0.2091708093831558,4,"{'colsample_bytree': 0.8585367769482137, 'learning_rate': 0.001061666555163821, 'max_bin': 50, 'max_depth': 4, 'min_child_samples': 48, 'min_child_weight': 0.7778573520893313, 'n_estimators': 79, 'num_leaves': 22, 'reg_alpha': 0.0008291915214918728, 'reg_lambda': 77.0294058321981, 'scale_pos_weight': 188.40477223145413, 'subsample': 0.2091708093831558, 'subsample_freq': 4}"
80,-0.0029200780830769286,-0.003038341325875806,-0.002986537734454475,-0.002950570792067831,-0.002833917553148368,-0.0029458886179749627,6.844721498382854e-05,1,0.7738403797149658,0.019669628251393113,0.053421831130981444,0.01819284231729535,0.5,0.1,25,3,50,0.0001,100,10,0.0001,0.0001,499.99999999999994,0.95,1,"{'colsample_bytree': 0.5, 'learning_rate': 0.1, 'max_bin': 25, 'max_depth': 3, 'min_child_samples': 50, 'min_child_weight': 0.0001, 'n_estimators': 100, 'num_leaves': 10, 'reg_alpha': 0.0001, 'reg_lambda': 0.0001, 'scale_pos_weight': 499.99999999999994, 'subsample': 0.95, 'subsample_freq': 1}"
81,-0.002985280015403014,-0.0031322344124594713,-0.0030710821392220438,-0.003023624911695886,-0.0028973372548535678,-0.003021911065852253,7.931201784183692e-05,1,0.5465913772583008,0.015031660620018733,0.07173786163330079,0.009309398319026415,0.9,0.1,25,40,50,0.0001,100,200,1.0,0.0001,499.99999999999994,0.1,5,"{'colsample_bytree': 0.9, 'learning_rate': 0.1, 'max_bin': 25, 'max_depth': 40, 'min_child_samples': 50, 'min_child_weight': 0.0001, 'n_estimators': 100, 'num_leaves': 200, 'reg_alpha': 1.0, 'reg_lambda': 0.0001, 'scale_pos_weight': 499.99999999999994, 'subsample': 0.1, 'subsample_freq': 5}"
82,-0.0029666166698673188,-0.0030734011462925093,-0.003021146219103741,-0.0029816437904006364,-0.0028537595523196162,-0.0029793132396010442,7.284561333907522e-05,1,0.4190056324005127,0.01849459092772431,0.043505620956420896,0.0011023399624785699,0.5,0.1,500,3,1,0.0001,100,200,1.0,200.0,499.99999999999994,0.1,1,"{'colsample_bytree': 0.5, 'learning_rate': 0.1, 'max_bin': 500, 'max_depth': 3, 'min_child_samples': 1, 'min_child_weight': 0.0001, 'n_estimators': 100, 'num_leaves': 200, 'reg_alpha': 1.0, 'reg_lambda': 200.0, 'scale_pos_weight': 499.99999999999994, 'subsample': 0.1, 'subsample_freq': 1}"
83,-0.004352348412582971,-0.004430094951541696,-0.004403962026471686,-0.004289841590073267,-0.004121836303661367,-0.004319617265251836,0.00010990319606605836,1,0.4497207164764404,0.018630069622410674,0.03873276710510254,0.0003308844472804278,0.5487944621745985,0.0014838430055711727,484,8,49,9.660298570580007,26,24,0.0004558699958755987,0.002193365587806516,0.04005016517487472,0.5434293325227887,1,"{'colsample_bytree': 0.5487944621745985, 'learning_rate': 0.0014838430055711727, 'max_bin': 484, 'max_depth': 8, 'min_child_samples': 49, 'min_child_weight': 9.660298570580007, 'n_estimators': 26, 'num_leaves': 24, 'reg_alpha': 0.0004558699958755987, 'reg_lambda': 0.002193365587806516, 'scale_pos_weight': 0.04005016517487472, 'subsample': 0.5434293325227887, 'subsample_freq': 1}"
84,-0.00382812746221796,-0.003897271911036473,-0.0038653547657707447,-0.0037709798190976814,-0.003624757453302957,-0.003797298855307597,9.59573670750965e-05,1,0.4606003284454346,0.012755791717995043,0.04645133018493652,0.001117874603163606,0.5043352648379207,0.0037371889599203596,57,8,4,0.5321743061182899,98,16,0.028377876704349023,0.0002645591052261693,0.011259856786404674,0.18949204203833647,5,"{'colsample_bytree': 0.5043352648379207, 'learning_rate': 0.0037371889599203596, 'max_bin': 57, 'max_depth': 8, 'min_child_samples': 4, 'min_child_weight': 0.5321743061182899, 'n_estimators': 98, 'num_leaves': 16, 'reg_alpha': 0.028377876704349023, 'reg_lambda': 0.0002645591052261693, 'scale_pos_weight': 0.011259856786404674, 'subsample': 0.18949204203833647, 'subsample_freq': 5}"
85,-0.00285202635474397,-0.0029875785508529174,-0.0029238410898818393,-0.0029113624166002437,-0.0027856171293796496,-0.0028920843637190666,6.846736783302999e-05,1,1.0563759803771973,0.019152085780639004,0.0529843807220459,0.00045247544022816017,0.8974862424762783,0.09980706205583974,29,40,44,9.219523888828594,99,29,0.0005494751938513909,87.21837263572203,383.5743832138119,0.9139137737019314,3,"{'colsample_bytree': 0.8974862424762783, 'learning_rate': 0.09980706205583974, 'max_bin': 29, 'max_depth': 40, 'min_child_samples': 44, 'min_child_weight': 9.219523888828594, 'n_estimators': 99, 'num_leaves': 29, 'reg_alpha': 0.0005494751938513909, 'reg_lambda': 87.21837263572203, 'scale_pos_weight': 383.5743832138119, 'subsample': 0.9139137737019314, 'subsample_freq': 3}"
86,-0.004128849988158946,-0.004208508870581438,-0.00417489094755493,-0.004069112660290583,-0.003906338668632119,-0.004097540808998605,0.00010643559151932973,1,3.5888669013977053,0.0661748871821714,0.05925583839416504,0.0020477044720744984,0.5344287234730133,0.0017087780716188424,495,12,8,0.24606508741032726,92,192,0.24535572294045094,52.383988942492394,0.012448188153818207,0.8644561413859875,1,"{'colsample_bytree': 0.5344287234730133, 'learning_rate': 0.0017087780716188424, 'max_bin': 495, 'max_depth': 12, 'min_child_samples': 8, 'min_child_weight': 0.24606508741032726, 'n_estimators': 92, 'num_leaves': 192, 'reg_alpha': 0.24535572294045094, 'reg_lambda': 52.383988942492394, 'scale_pos_weight': 0.012448188153818207, 'subsample': 0.8644561413859875, 'subsample_freq': 1}"
87,-0.004357481740533211,-0.004436450431902485,-0.0044116639069677836,-0.004294117855178116,-0.004125846368791802,-0.004325112662330408,0.00011099699120176054,1,0.5691386699676514,0.03887132958214011,0.04283404350280762,0.0004243370896979337,0.6819462482503171,0.0018632009029675536,243,40,1,9.852265179479039,26,198,0.00010006133740403492,84.49619992368473,407.41515624717465,0.1894550740432247,5,"{'colsample_bytree': 0.6819462482503171, 'learning_rate': 0.0018632009029675536, 'max_bin': 243, 'max_depth': 40, 'min_child_samples': 1, 'min_child_weight': 9.852265179479039, 'n_estimators': 26, 'num_leaves': 198, 'reg_alpha': 0.00010006133740403492, 'reg_lambda': 84.49619992368473, 'scale_pos_weight': 407.41515624717465, 'subsample': 0.1894550740432247, 'subsample_freq': 5}"
88,-0.0030665708998936837,-0.0031798646706737758,-0.0031145033235262577,-0.003065007233911362,-0.0029322632657177244,-0.0030716417844902,8.12955047021211e-05,1,0.3877709865570068,0.01535331922271138,0.0443789005279541,0.00822002692353173,0.5847771578441964,0.08956878720920776,75,38,43,0.12412990753505437,21,21,0.00031777225534270777,133.5428609551232,0.5034529474589012,0.7177659461004541,4,"{'colsample_bytree': 0.5847771578441964, 'learning_rate': 0.08956878720920776, 'max_bin': 75, 'max_depth': 38, 'min_child_samples': 43, 'min_child_weight': 0.12412990753505437, 'n_estimators': 21, 'num_leaves': 21, 'reg_alpha': 0.00031777225534270777, 'reg_lambda': 133.5428609551232, 'scale_pos_weight': 0.5034529474589012, 'subsample': 0.7177659461004541, 'subsample_freq': 4}"
89,-0.002914553828169941,-0.0030270654034832895,-0.002981653020515408,-0.002979769236655878,-0.0028361274693633007,-0.0029478331730623795,6.637290579899106e-05,1,1.771240520477295,0.03951344437355928,0.06554131507873535,0.0014597721644626195,0.9,0.1,25,40,1,10.0,100,200,1.0,0.0001,0.01,0.95,5,"{'colsample_bytree': 0.9, 'learning_rate': 0.1, 'max_bin': 25, 'max_depth': 40, 'min_child_samples': 1, 'min_child_weight': 10.0, 'n_estimators': 100, 'num_leaves': 200, 'reg_alpha': 1.0, 'reg_lambda': 0.0001, 'scale_pos_weight': 0.01, 'subsample': 0.95, 'subsample_freq': 5}"
90,-0.0029243061177880968,-0.0030159707387157533,-0.0029674564397038487,-0.0029740199003498004,-0.00284890952481152,-0.0029461321385856848,5.6636103537709186e-05,1,1.5329285621643067,0.031762805349467495,0.06916141510009766,0.0066698696418893205,0.5,0.1,25,40,1,10.0,100,200,1.0,0.0001,499.99999999999994,0.95,1,"{'colsample_bytree': 0.5, 'learning_rate': 0.1, 'max_bin': 25, 'max_depth': 40, 'min_child_samples': 1, 'min_child_weight': 10.0, 'n_estimators': 100, 'num_leaves': 200, 'reg_alpha': 1.0, 'reg_lambda': 0.0001, 'scale_pos_weight': 499.99999999999994, 'subsample': 0.95, 'subsample_freq': 1}"
91,-0.002975108304876075,-0.0030928054490040233,-0.0030362933803293403,-0.0029951669144035265,-0.002871864431603656,-0.0029942473402991714,7.324729391526882e-05,1,0.3525146484375,0.023821921039245866,0.04423346519470215,0.00022024388269520356,0.5,0.1,25,3,1,10.0,100,200,0.0001,200.0,0.01,0.1,1,"{'colsample_bytree': 0.5, 'learning_rate': 0.1, 'max_bin': 25, 'max_depth': 3, 'min_child_samples': 1, 'min_child_weight': 10.0, 'n_estimators': 100, 'num_leaves': 200, 'reg_alpha': 0.0001, 'reg_lambda': 200.0, 'scale_pos_weight': 0.01, 'subsample': 0.1, 'subsample_freq': 1}"
92,-0.004242071470892626,-0.004317768541106729,-0.004290634430000939,-0.004180811658631593,-0.004015789422964028,-0.004209415711703555,0.00010743516407100132,1,0.7357794284820557,0.017337180101799368,0.049710750579833984,0.007732492787571461,0.534224001855677,0.0020619052538924476,27,34,48,8.057302723856852,40,187,0.2977318738737693,0.00019499021027394894,0.028122896741094347,0.73686817719528,1,"{'colsample_bytree': 0.534224001855677, 'learning_rate': 0.0020619052538924476, 'max_bin': 27, 'max_depth': 34, 'min_child_samples': 48, 'min_child_weight': 8.057302723856852, 'n_estimators': 40, 'num_leaves': 187, 'reg_alpha': 0.2977318738737693, 'reg_lambda': 0.00019499021027394894, 'scale_pos_weight': 0.028122896741094347, 'subsample': 0.73686817719528, 'subsample_freq': 1}"
93,-0.004235552734598698,-0.004312697007729276,-0.004283120564283734,-0.00417400118605029,-0.004008524524842035,-0.004202779812662925,0.00010786365031018724,1,1.2973275184631348,0.02866525061443929,0.0471954345703125,0.0004784903953765382,0.5075612483924598,0.0010891623650913936,472,40,46,1.025357076713675,91,29,0.3311637690781463,16.46612078640157,0.018957544068999597,0.8094026036479571,2,"{'colsample_bytree': 0.5075612483924598, 'learning_rate': 0.0010891623650913936, 'max_bin': 472, 'max_depth': 40, 'min_child_samples': 46, 'min_child_weight': 1.025357076713675, 'n_estimators': 91, 'num_leaves': 29, 'reg_alpha': 0.3311637690781463, 'reg_lambda': 16.46612078640157, 'scale_pos_weight': 0.018957544068999597, 'subsample': 0.8094026036479571, 'subsample_freq': 2}"
94,-0.00289725416609702,-0.0030370249853482333,-0.002963292407492804,-0.0029439923232910514,-0.0028160587472731476,-0.0029315238889167554,7.321394101167659e-05,1,0.865181827545166,0.014925665010909459,0.04663829803466797,0.002990471300350934,0.9,0.1,500,3,1,10.0,100,10,1.0,200.0,0.01,0.95,5,"{'colsample_bytree': 0.9, 'learning_rate': 0.1, 'max_bin': 500, 'max_depth': 3, 'min_child_samples': 1, 'min_child_weight': 10.0, 'n_estimators': 100, 'num_leaves': 10, 'reg_alpha': 1.0, 'reg_lambda': 200.0, 'scale_pos_weight': 0.01, 'subsample': 0.95, 'subsample_freq': 5}"
95,-0.00432598355068382,-0.004405307667740087,-0.004377267487304205,-0.004264635116122254,-0.0040959479720316634,-0.004293828956445444,0.00010993775199255236,1,0.4658154010772705,0.010099424888765203,0.03985123634338379,0.005455228468410855,0.8999568008615757,0.0016024735392941901,358,13,40,9.942349562816451,32,11,0.7613280929535658,0.00038365412199709047,362.2612498523406,0.7363495229799287,1,"{'colsample_bytree': 0.8999568008615757, 'learning_rate': 0.0016024735392941901, 'max_bin': 358, 'max_depth': 13, 'min_child_samples': 40, 'min_child_weight': 9.942349562816451, 'n_estimators': 32, 'num_leaves': 11, 'reg_alpha': 0.7613280929535658, 'reg_lambda': 0.00038365412199709047, 'scale_pos_weight': 362.2612498523406, 'subsample': 0.7363495229799287, 'subsample_freq': 1}"
96,-0.002926160149393243,-0.002998163560206343,-0.002970398381488957,-0.0029510378160126647,-0.002811331138683818,-0.0029314181114253684,6.450967709614357e-05,1,1.0347839832305907,0.03300754281212811,0.03980298042297363,0.0003679921497413433,0.5293889409974365,0.09606982578985687,485,27,24,7.305522941033394,21,186,0.0003704186760279274,0.00022216489547025254,0.010082507065451916,0.8839048001661498,4,"{'colsample_bytree': 0.5293889409974365, 'learning_rate': 0.09606982578985687, 'max_bin': 485, 'max_depth': 27, 'min_child_samples': 24, 'min_child_weight': 7.305522941033394, 'n_estimators': 21, 'num_leaves': 186, 'reg_alpha': 0.0003704186760279274, 'reg_lambda': 0.00022216489547025254, 'scale_pos_weight': 0.010082507065451916, 'subsample': 0.8839048001661498, 'subsample_freq': 4}"
97,-0.003348947177490157,-0.0034347169119543944,-0.0033920952931973986,-0.0033192679587274437,-0.003177551864722092,-0.0033345161094537625,8.767371801270983e-05,1,0.27875986099243166,0.02675330487901473,0.036742019653320315,0.0005879082210835097,0.8270437954088863,0.06863499722492356,78,35,2,0.8844090019138199,20,11,0.0006379014073692465,105.35246170274412,12.594340478680662,0.12491461091822029,2,"{'colsample_bytree': 0.8270437954088863, 'learning_rate': 0.06863499722492356, 'max_bin': 78, 'max_depth': 35, 'min_child_samples': 2, 'min_child_weight': 0.8844090019138199, 'n_estimators': 20, 'num_leaves': 11, 'reg_alpha': 0.0006379014073692465, 'reg_lambda': 105.35246170274412, 'scale_pos_weight': 12.594340478680662, 'subsample': 0.12491461091822029, 'subsample_freq': 2}"
98,-0.0029949056984073176,-0.0031238139729288777,-0.0030541070597582213,-0.002998836727194152,-0.002890781167417937,-0.0030124885983216,7.672437383688306e-05,1,0.29645471572875975,0.01728260848839499,0.040317440032958986,0.004214519471973143,0.5593782903366038,0.07013426551861804,123,4,49,9.610503443882733,35,141,0.0006280144162721817,0.000660359469346331,455.05906604406346,0.10914325812232994,5,"{'colsample_bytree': 0.5593782903366038, 'learning_rate': 0.07013426551861804, 'max_bin': 123, 'max_depth': 4, 'min_child_samples': 49, 'min_child_weight': 9.610503443882733, 'n_estimators': 35, 'num_leaves': 141, 'reg_alpha': 0.0006280144162721817, 'reg_lambda': 0.000660359469346331, 'scale_pos_weight': 455.05906604406346, 'subsample': 0.10914325812232994, 'subsample_freq': 5}"
99,-0.004327081563894748,-0.004404217677785335,-0.004377617012076766,-0.004262406398303001,-0.004096298233656613,-0.004293524800874947,0.00010983271521519912,1,0.4727651596069336,0.02582213632097525,0.04122867584228516,0.0012184333710203122,0.8863439508235675,0.0011389868469015051,496,8,17,9.743472786570354,43,17,0.00037338868781672865,0.00038701929725860776,0.09821723643335557,0.2251776940390824,5,"{'colsample_bytree': 0.8863439508235675, 'learning_rate': 0.0011389868469015051, 'max_bin': 496, 'max_depth': 8, 'min_child_samples': 17, 'min_child_weight': 9.743472786570354, 'n_estimators': 43, 'num_leaves': 17, 'reg_alpha': 0.00037338868781672865, 'reg_lambda': 0.00038701929725860776, 'scale_pos_weight': 0.09821723643335557, 'subsample': 0.2251776940390824, 'subsample_freq': 5}"
